wavelength_nm,intensity_counts
812.6194963798876,1203.75
812.8264272823801,1378.5
813.0333540832646,2306.5
813.2402767797047,1486.5
813.4471953688635,887.0
813.654109847905,771.5
813.8610202139926,741.0
814.0679264642897,723.75
814.2748285959606,723.25
814.4817266061694,717.75
814.6886204920797,717.75
814.895510250856,721.5
815.1023958796624,721.5
815.3092773756636,723.0
815.5161547360241,716.5
815.7230279579082,717.0
815.9298970384814,722.25
816.1367619749079,723.75
816.3436227643529,723.5
816.5504794039817,722.0
816.7573318909596,725.5
816.9641802224513,717.25
817.1710243956232,725.25
817.3778644076402,721.75
817.5847002556684,716.0
817.7915319368732,717.5
817.9983594484211,716.5
818.2051827874776,718.75
818.4120019512093,722.75
818.6188169367822,719.75
818.8256277413627,729.5
819.0324343621177,720.0
819.2392367962134,723.0
819.4460350408169,721.25
819.6528290930947,713.25
819.8596189502141,717.0
820.0664046093423,716.5
820.2731860676462,719.25
820.4799633222935,715.0
820.6867363704514,720.0
820.8935052092877,717.25
821.1002698359699,713.5
821.307030247666,720.0
821.513786441544,716.5
821.7205384147717,718.0
821.9272861645176,716.75
822.13402968795,719.0
822.3407689822373,723.5
822.5475040445477,719.5
822.7542348720503,718.75
822.960961461914,723.75
823.1676838113075,728.25
823.3744019173996,738.25
823.5811157773601,762.0
823.7878253883576,812.25
823.994530747562,879.0
824.2012318521424,994.5
824.407928699269,1159.0
824.6146212861113,1332.5
824.8213096098393,1463.0
825.0279936676229,1638.75
825.2346734566324,1964.25
825.4413489740377,2544.0
825.6480202170098,3310.5
825.8546871827189,7010.0
826.0613498683356,5743.0
826.2680082710306,2056.5
826.4746623879751,1073.25
826.6813122163401,829.0
826.8879577532964,754.5
827.0945989960156,738.0
827.3012359416689,761.25
827.5078685874282,803.5
827.7144969304647,870.25
827.9211209679505,980.25
828.1277406970574,1125.5
828.3343561149572,1275.25
828.5409672188225,1354.75
828.747574005825,1542.0
828.9541764731379,1831.0
829.160774617933,2436.25
829.3673684373833,4223.0
829.5739579286619,6825.0
829.7805430889413,2449.5
829.9871239153945,1148.0
830.1937004051948,858.25
830.4002725555158,769.25
830.6068403635306,735.25
830.8134038264128,735.0
831.0199629413364,752.0
831.2265177054747,766.5
831.4330681160021,728.5
831.6396141700924,716.25
831.8461558649201,717.5
832.0526931976594,723.0
832.2592261654847,727.5
832.4657547655706,728.0
832.6722789950921,725.5
832.8787988512239,719.5
833.085314331141,716.5
833.2918254320182,723.0
833.4983321510315,722.25
833.7048344853556,733.0
833.9113324321664,734.5
834.1178259886395,747.0
834.3243151519505,758.5
834.5307999192756,787.25
834.7372802877907,847.25
834.9437562546719,940.75
835.1502278170958,1125.0
835.3566949722388,1465.25
835.5631577172769,1976.25
835.7696160493879,2799.0
835.9760699657476,4054.25
836.1825194635336,4791.0
836.3889645399229,4817.0
836.5954051920928,6142.5
836.8018414172205,8339.75
837.0082732124836,13604.5
837.2147005750599,33467.25
837.421123502127,21676.75
837.6275419908628,5771.25
837.8339560384458,2269.0
838.0403656420536,1302.5
838.2467707988652,982.0
838.4531715060584,972.25
838.6595677608124,1087.0
838.8659595603054,1308.75
839.0723469017169,1618.25
839.2787297822252,1875.0
839.4851081990098,2076.0
839.6914821492504,2613.5
839.8978516301257,3391.5
840.1042166388158,5228.0
840.3105771725002,11842.0
840.5169332283589,7070.25
840.7232848035718,3556.5
840.929631895319,3199.0
841.1359745007803,4073.5
841.3423126171372,7296.0
841.5486462415691,5142.0
841.7549753712574,4936.5
841.9613000033827,10470.5
842.1676201351258,5560.75
842.3739357636682,1921.5
842.5802468861906,1073.25
842.7865534998747,832.25
842.992855601902,743.5
843.1991531894541,713.75
843.4054462597129,708.75
843.6117348098603,704.25
843.8180188370783,711.25
844.024298338549,714.25
844.230573311455,726.25
844.4368437529787,738.0
844.6431096603028,751.0
844.8493710306103,760.5
845.0556278610835,781.0
845.2618801489061,811.0
845.4681278912609,858.25
845.6743710853316,990.75
845.8806097283014,1372.25
846.0868438173542,965.5
846.2930733496736,772.75
846.4992983224438,746.5
846.7055187328484,764.0
846.9117345780719,821.25
847.1179458552988,944.0
847.3241525617132,1154.25
847.5303546944999,1477.75
847.7365522508442,1974.0
847.9427452279306,2653.5
848.148933622944,2925.5
848.3551174330701,3375.5
848.5612966554938,4363.25
848.7674712874009,6542.25
848.973641325977,14477.75
849.1798067684082,18254.0
849.3859676118797,5084.25
849.5921238535785,1950.25
849.7982754906902,1213.25
850.0044225204016,1015.25
850.2105649398991,1039.75
850.4167027463692,1172.0
850.6228359369992,1349.25
850.8289645089757,1470.5
851.035088459486,1728.75
851.2412077857174,2206.75
851.447322484857,3267.25
851.6534325540928,7148.25
851.8595379906125,4685.25
852.0656387916038,1689.25
852.2717349542545,990.5
852.4778264757534,819.75
852.6839133532884,760.0
852.889995584048,741.5
853.0960731652208,731.75
853.3021460939958,732.5
853.5082143675618,748.0
853.7142779831078,794.0
853.9203369378229,937.25
854.126391228897,1012.75
854.332440853519,771.5
854.5384858088789,711.25
854.7445260921666,698.75
854.9505617005719,690.0
855.1565926312851,686.5
855.362618881496,694.25
855.5686404483957,703.0
855.7746573291745,713.5
855.9806695210232,712.75
856.1866770211324,730.5
856.3926798266934,761.25
856.5986779348976,857.75
856.8046713429358,917.5
857.0106600480001,827.25
857.2166440472818,852.25
857.4226233379727,930.75
857.6285979172649,1061.75
857.8345677823503,1196.5
858.0405329304216,1245.5
858.2464933586707,1431.5
858.4524490642907,1928.25
858.658400044474,4075.75
858.8643462964137,2793.75
859.0702878173024,1229.0
859.2762246043338,878.25
859.4821566547013,792.25
859.6880839655978,763.5
859.8940065342174,756.5
860.099924357754,853.75
860.3058374334015,813.5
860.5117457583541,730.25
860.7176493298058,718.5
860.9235481449514,725.5
861.1294422009852,771.25
861.3353314951023,845.75
861.5412160244973,995.5
861.7470957863654,1145.0
861.9529707779021,1236.75
862.1588409963025,1375.25
862.364706438762,1518.0
862.5705671024767,1892.25
862.7764229846423,2672.75
862.9822740824549,6024.25
863.1881203931105,5307.5
863.3939619138056,2045.25
863.5997986417367,1360.5
863.8056305741005,1356.25
864.0114577080935,1515.25
864.2172800409134,1838.0
864.4230975697565,2067.25
864.6289102918207,2318.0
864.8347182043034,3586.75
865.040521304402,7915.25
865.2463195893143,3991.75
865.4521130562383,1668.5
865.6579017023724,1138.25
865.8636855249147,1041.25
866.0694645210634,1159.75
866.2752386880172,1686.0
866.481008022975,2007.25
866.6867725231357,1347.5
866.8925321856983,1188.5
867.0982870078622,1226.75
867.3040369868264,1476.25
867.5097821197912,2349.5
867.7155224039556,3216.25
867.92125783652,2662.0
868.126988414684,1210.25
868.3327141356482,872.25
868.538434996613,816.5
868.7441509947786,801.25
868.949862127346,746.25
869.1555683915161,741.5
869.3612697844898,740.5
869.5669663034683,777.0
869.7726579456533,855.75
869.978344708246,1160.0
870.1840265884483,975.0
870.3897035834618,755.0
870.5953756904888,702.0
870.8010429067317,683.0
871.0067052293922,681.0
871.2123626556734,678.5
871.4180151827782,674.25
871.6236628079087,677.25
871.8293055282684,678.5
872.0349433410605,679.5
872.2405762434882,679.25
872.4462042327555,684.75
872.6518273060653,678.25
872.8574454606223,677.75
873.0630586936302,679.5
873.2686670022931,680.5
873.4742703838156,681.75
873.6798688354022,679.0
873.8854623542574,681.75
874.0910509375863,682.25
874.2966345825939,680.75
874.5022132864854,691.5
874.7077870464664,698.0
874.9133558597421,700.75
875.1189197235184,722.5
875.3244786350012,741.5
875.5300325913968,790.25
875.735581589911,944.75
875.9411256277506,1000.75
876.1466647021222,1118.75
876.3521988102323,1405.75
876.5577279492878,1839.75
876.7632521164962,2681.25
876.9687713090644,2743.25
877.1742855241998,3099.75
877.3797947591104,4349.75
877.5852990110037,9095.75
877.7907982770879,11523.5
877.9962925545709,6742.5
878.201781840661,3087.5
878.4072661325667,1433.5
878.6127454274967,957.0
878.81821972266,798.25
879.0236890152655,731.75
879.229153302522,703.25
879.4346125816394,720.25
879.640066849827,733.25
879.8455161042943,690.75
880.0509603422515,680.75
880.2563995609084,677.5
880.4618337574755,672.5
880.6672629291629,671.5
880.8726870731813,674.5
881.0781061867415,675.5
881.2835202670542,675.5
881.4889293113308,683.75
881.6943333167823,681.0
881.8997322806204,684.75
882.1051262000565,683.75
882.3105150723027,692.25
882.5158988945707,706.0
882.7212776640727,764.0
882.926651378021,724.5
883.1320200336284,715.0
883.3373836281074,739.5
883.5427421586706,812.25
883.7480956225315,907.75
883.9534440169031,1062.5
884.1587873389989,1216.75
884.3641255860323,1340.0
884.569458755217,1665.5
884.7747868437674,2323.0
884.9801098488973,5341.0
885.1854277678208,4168.25
885.3907405977527,1921.25
885.5960483359075,1395.0
885.8013509795001,1422.75
886.0066485257456,1885.25
886.2119409718591,3901.0
886.4172283150559,2195.0
886.6225105525516,1095.5
886.8277876815619,822.25
887.033059699303,733.75
887.2383266029905,687.0
887.4435883898411,674.5
887.648845057071,673.0
887.854096601897,668.25
888.0593430215359,666.25
888.2645843132048,669.0
888.4698204741208,668.25
888.675051501501,665.75
888.8802773925635,669.75
889.0854981445254,664.0
889.2907137546052,671.25
889.4959242200209,665.0
889.7011295379905,669.75
889.9063297057327,681.25
890.1115247204659,687.75
890.3167145794092,716.75
890.5218992797818,752.5
890.7270788188023,794.5
890.9322531936905,826.0
891.1374224016661,886.5
891.3425864399486,1045.5
891.5477453057579,1758.75
891.7528989963143,1563.0
891.9580475088383,912.0
892.16319084055,746.25
892.3683289886703,693.75
892.57346195042,678.75
892.7785897230201,672.5
892.9837123036922,666.0
893.1888296896574,664.75
893.3939418781371,665.25
893.5990488663537,666.25
893.8041506515287,669.5
894.0092472308845,664.0
894.2143386016438,663.5
894.4194247610284,665.0
894.6245057062617,667.25
894.8295814345662,668.0
895.0346519431654,668.25
895.2397172292824,668.5
895.4447772901407,671.25
895.649832122964,670.25
895.854881724976,685.25
896.0599260934013,685.0
896.2649652254632,671.0
896.4699991183872,667.75
896.6750277693975,665.25
896.8800511757188,669.75
897.0850693345764,674.5
897.2900822431949,680.5
897.4950898988003,693.0
897.7000922986181,704.75
897.905089439874,712.5
898.1100813197938,732.25
898.3150679356039,793.0
898.5200492845306,1037.25
898.7250253638003,846.75
898.9299961706399,720.75
899.1349617022761,682.0
899.3399219559363,671.75
899.5448769288478,668.75
899.7498266182379,665.0
899.9547710213343,664.25
900.159710135365,664.5
900.3646439575581,666.75
900.5695724851419,665.0
900.7744957153446,665.25
900.9794136453953,660.25
901.1843262725226,662.75
901.3892335939555,665.5
901.5941356069231,671.25
901.7990323086555,686.5
902.0039236963815,674.75
902.2088097673317,665.5
902.4136905187354,664.5
902.6185659478233,662.0
902.8234360518256,664.75
903.0283008279731,663.75
903.2331602734963,665.0
903.4380143856267,665.5
903.6428631615951,661.75
903.847706598633,664.5
904.0525446939719,672.75
904.2573774448435,672.25
904.4622048484802,667.75
904.667026902114,668.0
904.871843602977,666.5
905.0766549483021,669.75
905.281460935322,667.25
905.4862615612695,672.5
905.6910568233781,668.5
905.8958467188809,674.25
906.1006312450114,679.75
906.3054103990036,691.5
906.5101841780913,688.75
906.7149525795088,692.75
906.9197156004905,698.5
907.1244732382705,751.25
907.3292254900842,766.0
907.5339723531664,699.5
907.7387138247519,681.75
907.9434499020763,679.25
908.1481805823753,677.0
908.3529058628844,670.75
908.5576257408397,672.25
908.7623402134774,680.25
908.9670492780338,676.5
909.1717529317455,683.5
909.3764511718491,681.25
909.5811439955817,690.0
909.7858314001805,701.5
909.9905133828829,731.5
910.1951899409265,793.75
910.3998610715488,945.75
910.6045267719879,1237.25
910.8091870394823,1707.75
911.01384187127,2399.5
911.2184912645899,3271.75
911.4231352166804,3891.5
911.6277737247808,5532.75
911.8324067861302,10933.75
912.0370343979679,23679.5
912.2416565575337,9274.25
912.4462732620672,3431.75
912.6508845088086,1744.5
912.8554902949982,1151.5
913.0600906178762,884.75
913.2646854746831,778.0
913.46927486266,771.0
913.6738587790479,797.5
913.8784372210881,840.25
914.0830101860219,899.75
914.2875776710911,1047.0
914.4921396735373,1769.75
914.6966961906028,1739.25
914.9012472195299,985.25
915.1057927575608,767.0
915.3103328019386,709.5
915.5148673499057,685.0
915.7193963987056,670.0
915.9239199455818,663.5
916.1284379877769,664.0
916.3329505225356,666.5
916.5374575471016,664.25
916.7419590587186,663.5
916.9464550546312,667.25
917.1509455320843,663.5
917.3554304883221,664.25
917.55990992059,672.25
917.7643838261328,670.75
917.9688522021962,681.75
918.1733150460259,696.75
918.3777723548674,721.0
918.5822241259667,756.0
918.7866703565702,805.5
918.9911110439244,919.0
919.1955461852758,1191.25
919.3999757778715,1013.75
919.6043998189582,1036.5
919.8088183057835,1585.0
920.0132312355945,1515.75
920.2176386056393,942.75
920.4220404131659,790.0
920.6264366554218,776.0
920.830827329656,832.5
921.035212433117,911.75
921.2395919630533,1034.5
921.4439659167136,1257.25
921.6483342913477,1751.5
921.8526970842047,2119.5
922.0570542925342,2839.25
922.261405913586,3340.0
922.4657519446106,1691.0
922.6700923828574,1018.75
922.8744272255775,795.75
923.0787564700214,725.0
923.2830801134401,687.0
923.4873981530847,668.25
923.6917105862062,661.5
923.8960174100567,659.75
924.1003186218874,657.0
924.3046142189506,654.75
924.5089041984984,653.75
924.7131885577832,655.25
924.9174672940572,656.75
925.1217404045742,655.75
925.3260078865862,659.0
925.5302697373475,655.25
925.7345259541106,656.75
925.9387765341295,657.75
926.1430214746586,660.5
926.3472607729514,662.25
926.5514944262625,673.0
926.7557224318465,668.75
926.9599447869581,678.0
927.1641614888524,725.25
927.3683725347846,741.25
927.5725779220097,697.25
927.7767776477841,678.5
927.9809717093631,685.0
928.1851601040031,699.25
928.3893428289603,717.25
928.593519881491,764.25
928.7976912588523,944.5
929.0018569583011,964.0
929.2060169770942,853.75
929.4101713124895,862.25
929.6143199617443,1022.75
929.8184629221166,1609.25
930.0226001908644,1097.0
930.2267317652461,840.75
930.4308576425199,778.75
930.6349778199449,794.75
930.8390922947798,868.25
931.0432010642837,961.0
931.2473041257161,924.5
931.4514014763369,794.25
931.6554931134054,766.25
931.859579034182,777.25
932.0636592359266,842.25
932.2677337159002,1152.0
932.4718024713634,1284.0
932.6758654995767,863.25
932.8799227978017,724.25
933.0839743632996,686.0
933.2880201933323,669.0
933.492060285161,659.75
933.6960946360484,657.5
933.9001232432565,660.0
934.1041461040478,668.75
934.3081632156849,675.0
934.5121745754311,697.25
934.7161801805493,702.0
934.9201800283029,754.25
935.1241741159557,938.75
935.3281624407713,824.0
935.5321450000139,712.75
935.7361217909479,680.0
935.9400928108379,669.5
936.1440580569481,680.25
936.3480175265441,680.0
936.5519712168907,686.25
936.7559191252536,696.5
936.9598612488984,790.0
937.1637975850905,816.25
937.3677281310968,704.25
937.5716528841831,675.75
937.775571841616,665.0
937.9794850006627,654.5
938.1833923585898,654.0
938.3872939126644,652.75
938.5911896601544,648.0
938.7950795983274,654.75
938.9989637244512,653.5
939.2028420357938,652.25
939.4067145296239,652.75
939.6105812032102,654.25
939.8144420538209,658.25
940.0182970787258,663.5
940.2221462751941,666.25
940.4259896404945,659.5
940.6298271718979,660.75
940.8336588666737,663.5
941.0374847220921,672.25
941.2413047354235,687.0
941.4451189039388,713.25
941.648927224909,739.75
941.8527296956049,768.0
942.0565263132981,862.0
942.2603170752601,1228.25
942.4641019787628,950.75
942.6678810210782,756.5
942.8716541994786,696.0
943.0754215112365,676.5
943.2791829536249,661.0
943.4829385239166,654.75
943.6866882193846,654.5
943.8904320373026,655.75
944.0941699749445,648.5
944.297902029584,655.0
944.5016281984949,659.75
944.7053484789524,671.5
944.9090628682304,685.5
945.112771363604,696.0
945.3164739623483,716.25
945.5201706617387,818.0
945.7238614590506,918.25
945.9275463515601,740.75
946.1312253365429,691.75
946.3348984112754,666.25
946.5385655730339,657.25
946.7422268190954,654.5
946.9458821467367,647.0
947.1495315532353,657.75
947.353175035868,661.25
947.5568125919132,673.5
947.7604442186483,684.0
947.9640699133519,694.75
948.1676896733018,731.5
948.3713034957772,892.5
948.5749113780565,792.5
948.778513317419,697.25
948.9821093111441,667.5
949.185699356511,656.5
949.3892834508002,656.5
949.5928615912911,653.25
949.7964337752643,649.25
950.0000000000001,649.25
950.2035602627794,651.5
950.4071145608832,650.25
950.6106628915926,648.75
950.8142052521894,652.0
951.0177416399548,649.0
951.2212720521712,648.0
951.4247964861206,648.5
951.6283149390853,655.75
951.8318274083484,660.75
952.0353338911925,670.25
952.2388343849005,694.0
952.4423288867564,720.5
952.6458173940432,754.0
952.849299904045,815.75
953.0527764140462,1152.75
953.2562469213309,1192.0
953.4597114231835,853.0
953.6631699168893,748.75
953.8666223997332,725.0
954.0700688690002,726.0
954.273509321976,765.25
954.4769437559468,958.0
954.6803721681979,787.5
954.8837945560165,699.25
955.0872109166883,670.0
955.2906212475004,656.25
955.4940255457401,656.25
955.6974238086941,652.0
955.9008160336502,645.75
956.1042022178962,647.25
956.3075823587201,643.0
956.5109564534099,644.5
956.7143244992542,646.5
956.917686493542,646.5
957.1210424335616,643.0
957.3243923166027,648.0
957.5277361399549,647.0
957.7310739009073,645.25
957.9344055967503,645.5
958.1377312247741,643.25
958.3410507822688,646.0
958.5443642665253,646.75
958.7476716748347,643.75
958.9509730044879,644.0
959.1542682527763,644.0
959.3575574169917,643.5
959.5608404944259,647.75
959.764117482371,644.75
959.9673883781198,644.25
960.1706531789645,643.75
960.3739118821981,646.5
960.5771644851139,644.5
960.7804109850051,648.0
960.9836513791655,646.0
961.1868856648889,648.0
961.3901138394694,649.0
961.5933359002016,646.75
961.7965518443798,649.75
961.9997616692992,647.0
962.2029653722548,645.75
962.4061629505417,647.75
962.609354401456,648.0
962.8125397222933,650.5
963.0157189103498,651.5
963.2188919629218,651.0
963.4220588773061,660.5
963.6252196507994,658.5
963.828374280699,672.25
964.031522764302,688.75
964.2346650989062,732.5
964.4378012818095,802.25
964.6409313103102,937.0
964.8440551817064,1121.75
965.0471728932965,1329.5
965.2502844423801,1776.25
965.4533898262557,4117.5
965.6564890422231,3075.0
965.8595820875819,1607.0
966.0626689596315,1151.5
966.2657496556726,1215.5
966.4688241730053,941.75
966.6718925089306,767.75
966.8749546607488,705.5
967.0780106257615,676.5
967.2810604012701,667.0
967.4841039845761,658.0
967.6871413729815,649.5
967.8901725637886,648.5
968.0931975542996,645.75
968.2962163418174,645.25
968.4992289236446,645.75
968.7022352970848,642.75
968.905235459441,643.5
969.1082294080172,645.0
969.3112171401175,642.25
969.5141986530456,640.75
969.7171739441063,643.0
969.9201430106042,642.75
970.1231058498446,644.75
970.3260624591325,643.75
970.5290128357732,639.75
970.7319569770725,645.5
970.9348948803367,641.0
971.1378265428716,641.5
971.3407519619843,642.25
971.5436711349811,640.75
971.7465840591692,642.0
971.9494907318558,643.0
972.1523911503486,643.75
972.3552853119553,641.5
972.558173213984,640.5
972.7610548537428,643.0
972.9639302285408,641.5
973.1667993356862,641.25
973.3696621724886,641.25
973.5725187362569,640.75
973.7753690243011,637.0
973.9782130339308,643.5
974.1810507624564,641.0
974.3838822071881,642.25
974.5867073654365,643.0
974.7895262345127,638.0
974.9923388117277,644.5
975.1951450943931,638.75
975.3979450798203,642.75
975.6007387653214,640.75
975.8035261482088,644.0
976.006307225795,641.0
976.2090819953921,642.5
976.4118504543138,639.5
976.6146125998733,641.5
976.8173684293836,647.25
977.0201179401589,647.5
977.2228611295131,651.5
977.4255979947609,665.0
977.6283285332161,673.5
977.831052742194,691.25
978.0337706190097,781.5
978.2364821609787,838.25
978.439187365416,716.0
978.6418862296383,668.25
978.8445787509611,657.25
979.0472649267009,649.0
979.249944754175,642.5
979.4526182306996,639.75
979.6552853535919,642.75
979.8579461201699,640.75
980.0606005277511,636.75
980.2632485736533,640.5
980.4658902551952,639.75
980.6685255696948,638.5
980.8711545144711,641.5
981.0737770868432,641.75
981.2763932841303,639.0
981.4790031036525,640.5
981.6816065427289,639.5
981.8842035986801,637.75
982.0867942688261,639.5
982.2893785504881,637.75
982.4919564409867,641.5
982.694527937643,640.25
982.8970930377784,640.5
983.0996517387151,638.25
983.3022040377747,636.0
983.5047499322793,639.5
983.707289419552,639.25
983.9098224969151,637.5
984.1123491616916,643.0
984.3148694112053,640.5
984.5173832427795,639.25
984.7198906537378,640.5
984.922391641405,641.0
985.1248862031048,637.75
985.3273743361624,639.75
985.5298560379026,638.0
985.7323313056503,639.5
985.9348001367315,638.5
986.1372625284716,638.25
986.3397184781966,635.75
986.5421679832328,639.0
986.7446110409071,637.0
986.947047648546,635.75
987.1494778034765,638.75
987.3519015030264,639.75
987.554318744523,638.25
987.7567295252945,639.0
987.9591338426686,640.5
988.1615316939741,640.75
988.3639230765399,640.25
988.5663079876946,641.25
988.7686864247679,635.0
988.971058385089,637.0
989.1734238659877,639.25
989.3757828647945,639.0
989.5781353788393,636.5
989.7804814054529,641.0
989.9828209419665,638.0
990.1851539857108,640.0
990.3874805340176,639.0
990.5898005842184,638.75
990.7921141336457,639.25
990.9944211796311,639.75
991.1967217195074,639.25
991.3990157506078,639.0
991.6013032702648,638.25
991.8035842758122,636.5
992.0058587645834,637.75
992.2081267339129,637.25
992.410388181134,635.0
992.6126431035818,637.75
992.8148914985911,634.5
993.0171333634966,630.75
993.2193686956335,636.0
993.4215974923379,637.0
993.6238197509452,640.5
993.826035468792,635.5
994.0282446432142,635.75
994.2304472715489,641.5
994.4326433511329,635.0
994.6348328793032,638.75
994.8370158533976,638.25
995.0391922707539,638.0
995.2413621287104,639.75
995.4435254246049,637.25
995.6456821557765,634.0
995.847832319564,639.75
996.0499759133065,638.0
996.2521129343435,637.5
996.4542433800144,635.0
996.65636724766,634.75
996.85848453462,637.75
997.0605952382352,634.5
997.2626993558465,634.75
997.464796884795,634.75
997.6668878224219,635.25
997.8689721660693,636.0
998.0710499130789,637.5
998.2731210607932,637.5
998.4751856065545,634.25
998.6772435477058,635.75
998.8792948815902,634.75
999.081339605551,638.25
999.2833777169317,633.0
999.4854092130768,636.75
999.6874340913298,638.5
999.8894523490358,635.0
1000.0914639835396,636.5
1000.2934689921857,635.0
1000.4954673723201,633.75
1000.6974591212883,637.75
1000.8994442364359,638.5
1001.1014227151094,633.75
1001.3033945546554,635.75
1001.5053597524203,635.5
1001.7073183057513,635.75
1001.9092702119958,635.25
1002.1112154685015,638.75
1002.3131540726163,634.5
1002.5150860216883,637.5
1002.7170113130661,638.75
1002.9189299440981,638.75
1003.1208419121339,638.5
1003.3227472145226,636.0
1003.5246458486134,635.0
1003.726537811757,637.75
1003.928423101303,634.25
1004.1303017146022,639.25
1004.3321736490049,640.75
1004.5340389018626,637.0
1004.7358974705265,644.0
1004.9377493523484,648.5
1005.1395945446798,639.5
1005.3414330448729,639.25
1005.5432648502807,636.0
1005.7450899582554,640.5
1005.9469083661504,644.0
1006.148720071319,639.25
1006.3505250711145,642.25
1006.5523233628913,642.25
1006.7541149440033,643.25
1006.955899811805,647.0
1007.1576779636516,653.75
1007.3594493968973,650.75
1007.5612141088982,642.25
1007.7629720970097,637.5
1007.9647233585875,638.0
1008.1664678909884,635.5
1008.3682056915683,632.75
1008.5699367576843,638.5
1008.7716610866936,635.75
1008.9733786759533,635.5
1009.1750895228212,638.25
1009.3767936246553,632.25
1009.5784909788134,634.25
1009.780181582655,635.0
1009.981865433538,635.25
1010.1835425288222,635.5
1010.3852128658663,637.0
1010.5868764420306,635.0
1010.7885332546748,633.75
1010.9901833011594,634.75
1011.1918265788447,634.25
1011.3934630850916,636.25
1011.5950928172616,633.0
1011.796715772716,637.5
1011.9983319488161,633.5
1012.1999413429245,632.25
1012.4015439524031,636.25
1012.6031397746151,636.0
1012.8047288069231,634.75
1013.0063110466899,632.0
1013.2078864912795,635.5
1013.4094551380557,634.0
1013.6110169843823,635.75
1013.8125720276239,635.0
1014.0141202651448,633.25
1014.2156616943105,632.75
1014.4171963124862,637.25
1014.618724117037,636.0
1014.8202451053293,634.25
1015.0217592747288,633.5
1015.2232666226021,635.0
1015.4247671463161,639.0
1015.6262608432377,645.75
1015.827747710734,647.25
1016.0292277461731,636.5
1016.2307009469226,632.5
1016.4321673103507,633.0
1016.6336268338259,632.75
1016.8350795147172,634.75
1017.0365253503938,633.75
1017.2379643382247,634.0
1017.4393964755798,634.5
1017.6408217598294,635.5
1017.8422401883431,632.75
1018.043651758492,634.25
1018.2450564676467,633.75
1018.4464543131791,630.75
1018.6478452924596,637.25
1018.8492294028606,635.25
1019.0506066417544,631.25
1019.2519770065127,634.5
1019.4533404945088,634.5
1019.6546971031153,636.0
1019.8560468297059,632.5
1020.0573896716535,633.0
1020.2587256263324,633.0
1020.4600546911167,633.0
1020.6613768633808,633.25
1020.8626921404998,634.25
1021.0640005198485,632.5
1021.265301998802,635.75
1021.4665965747366,634.25
1021.6678842450278,631.25
1021.8691650070522,632.5
1022.0704388581859,636.25
1022.271705795806,634.75
1022.4729658172901,639.0
1022.674218920015,642.0
1022.875465101359,654.0
1023.0767043586998,646.0
1023.2779366894162,635.5
1023.4791620908865,636.75
1023.6803805604894,637.25
1023.881592095605,638.0
1024.0827966936126,639.75
1024.2839943518918,636.0
1024.4851850678228,635.75
1024.6863688387866,635.5
1024.8875456621638,634.0
1025.088715535335,635.5
1025.2898784556824,631.75
1025.4910344205869,633.75
1025.6921834274312,634.0
1025.893325473597,631.0
1026.0944605564675,634.25
1026.2955886734255,635.75
1026.4967098218542,629.25
1026.697823999137,632.75
1026.8989312026576,631.25
1027.1000314298005,633.25
1027.3011246779502,631.25
1027.502210944491,633.0
1027.7032902268081,635.75
1027.9043625222876,634.5
1028.1054278283143,636.5
1028.3064861422743,638.5
1028.507537461554,643.0
1028.70858178354,641.75
1028.9096191056196,637.5
1029.1106494251796,642.5
1029.3116727396073,636.25
1029.5126890462911,635.75
1029.7136983426187,637.0
1029.9147006259786,634.75
1030.1156958937597,637.0
1030.3166841433508,638.0
1030.5176653721417,633.75
1030.7186395775216,633.0
1030.9196067568805,634.0
1031.1205669076091,632.75
1031.3215200270977,629.5
1031.522466112737,633.5
1031.7234051619187,631.25
1031.924337172034,633.25
1032.125262140475,634.0
1032.3261800646333,633.75
1032.5270909419019,632.5
1032.7279947696732,634.0
1032.9288915453405,638.0
1033.1297812662972,634.75
1033.3306639299365,631.25
1033.5315395336531,635.0
1033.7324080748408,636.5
1033.9332695508947,632.25
1034.1341239592093,632.5
1034.33497129718,632.25
1034.535811562202,632.75
1034.736644751672,633.0
1034.9374708629853,632.25
1035.138289893539,634.25
1035.3391018407294,633.0
1035.5399067019544,635.0
1035.7407044746103,635.75
1035.941495156096,632.5
1036.1422787438084,631.25
1036.3430552351467,635.25
1036.5438246275094,631.5
1036.7445869182952,631.0
1036.945342104904,636.0
1037.1460901847347,640.75
1037.3468311551878,641.0
1037.5475650136632,635.25
1037.7482917575617,635.0
1037.9490113842837,636.5
1038.1497238912311,634.75
1038.3504292758048,635.0
1038.551127535407,634.5
1038.7518186674395,635.5
1038.952502669305,634.5
1039.1531795384062,633.0
1039.3538492721461,632.5
1039.554511867928,633.75
1039.7551673231558,629.75
1039.9558156352336,634.0
1040.1564568015656,633.75
1040.3570908195563,638.75
1040.5577176866109,638.0
1040.7583374001347,634.75
1040.958949957533,637.0
1041.1595553562122,634.0
1041.3601535935782,636.5
1041.5607446670376,640.0
1041.7613285739972,636.25
1041.9619053118643,636.5
1042.1624748780466,633.75
1042.3630372699517,633.5
1042.5635924849876,633.5
1042.7641405205632,636.25
1042.9646813740865,631.5
1043.1652150429675,635.25
1043.365741524615,632.75
1043.5662608164394,635.5
1043.7667729158497,637.5
1043.9672778202573,638.0
1044.1677755270723,635.0
1044.368266033706,634.25
1044.5687493375697,631.0
1044.7692254360747,633.0
1044.9696943266335,636.25
1045.1701560066579,635.0
1045.3706104735609,634.25
1045.5710577247553,634.5
1045.7714977576543,639.0
1045.9719305696715,639.0
1046.172356158221,648.75
1046.3727745207166,671.5
1046.5731856545729,667.0
1046.7735895572052,651.5
1046.9739862260285,642.0
1047.1743756584578,642.0
1047.3747578519096,640.25
1047.5751328037998,636.0
1047.7755005115448,636.25
1047.9758609725613,637.0
1048.1762141842667,634.75
1048.3765601440784,629.5
1048.5768988494137,635.0
1048.7772302976912,634.0
1048.9775544863292,633.75
1049.1778714127463,631.0
1049.3781810743615,631.0
1049.5784834685946,634.0
1049.7787785928647,633.0
1049.9790664445925,632.0
1050.1793470211976,635.25
1050.3796203201011,631.75
1050.579886338724,632.25
1050.7801450744876,631.5
1050.9803965248134,633.75
1051.1806406871237,630.25
1051.3808775588404,631.5
1051.5811071373867,631.75
1051.7813294201846,631.5
1051.9815444046583,629.25
1052.1817520882307,634.25
1052.3819524683267,630.5
1052.5821455423693,630.75
1052.782331307784,631.75
1052.9825097619955,631.0
1053.182680902429,630.75
1053.3828447265096,635.5
1053.5830012316637,632.5
1053.7831504153176,633.25
1053.9832922748976,634.25
1054.1834268078305,632.25
1054.383554011544,631.25
1054.5836738834648,634.25
1054.7837864210217,628.5
1054.983891621642,634.0
1055.1839894827547,632.75
1055.3840800017886,634.75
1055.5841631761725,647.75
1055.7842390033366,638.0
1055.9843074807102,634.5
1056.1843686057234,631.0
1056.384422375807,632.75
1056.5844687883916,633.0
1056.7845078409084,632.25
1056.9845395307893,633.25
1057.1845638554655,630.75
1057.384580812369,632.5
1057.584590398933,631.25
1057.7845926125897,631.75
1057.9845874507726,631.5
1058.1845749109148,631.0
1058.3845549904504,632.5
1058.5845276868133,630.25
1058.784492997438,634.5
1058.9844509197594,632.25
1059.1844014512126,633.75
1059.3843445892328,631.5
1059.5842803312562,627.0
1059.7842086747185,632.0
1059.9841296170564,632.5
1060.1840431557066,631.5
1060.3839492881061,633.5
1060.5838480116922,630.75
1060.7837393239033,631.0
1060.9836232221771,632.75
1061.1834997039518,633.0
1061.3833687666665,634.25
1061.58323040776,635.25
1061.7830846246725,630.5
1061.982931414843,630.75
1062.1827707757118,633.75
1062.3826027047196,630.0
1062.5824271993065,632.5
1062.7822442569147,631.0
1062.9820538749846,631.25
1063.1818560509585,630.5
1063.3816507822785,635.0
1063.581438066387,628.25
1063.7812179007267,630.75
1063.9809902827408,629.25
1064.1807552098728,631.75
1064.3805126795664,633.0
1064.5802626892657,635.0
1064.7800052364155,635.25
1064.97974031846,634.5
1065.179467932845,637.75
1065.3791880770154,669.75
1065.5789007484175,679.25
1065.7786059444973,649.25
1065.978303662701,639.0
1066.1779939004757,635.25
1066.3776766552683,631.0
1066.5773519245267,639.0
1066.7770197056989,638.5
1066.9766799962324,638.25
1067.176332793576,639.5
1067.3759780951784,656.75
1067.5756158984893,684.25
1067.7752462009578,662.25
1067.974869000034,656.75
1068.174484293168,645.0
1068.3740920778102,635.0
1068.5736923514116,632.0
1068.7732851114235,633.25
1068.9728703552976,634.5
1069.1724480804855,630.5
1069.3720182844395,634.5
1069.5715809646124,632.5
1069.7711361184568,629.75
1069.970683743426,630.75
1070.170223836974,632.5
1070.3697563965545,635.25
1070.5692814196218,629.25
1070.7687989036303,631.25
1070.9683088460358,635.75
1071.1678112442924,632.0
1071.3673060958565,633.75
1071.5667933981842,633.0
1071.7662731487312,630.25
1071.9657453449547,631.75
1072.165209984312,632.25
1072.3646670642595,629.5
1072.5641165822556,632.5
1072.7635585357584,632.5
1072.962992922226,629.5
1073.1624197391172,632.0
1073.3618389838914,627.5
1073.5612506540076,629.0
1073.7606547469256,633.75
1073.9600512601055,632.25
1074.1594401910081,633.0
1074.358821537094,633.0
1074.5581952958244,629.75
1074.7575614646605,628.5
1074.9569200410644,632.25
1075.156271022498,631.0
1075.3556144064244,630.0
1075.5549501903058,631.0
1075.7542783716058,631.5
1075.953598947788,628.75
1076.1529119163158,630.0
1076.3522172746543,629.0
1076.5515150202673,632.75
1076.7508051506202,629.25
1076.9500876631778,629.75
1077.1493625554062,632.0
1077.348629824771,630.0
1077.5478894687392,633.0
1077.7471414847766,631.5
1077.9463858703512,631.5
1078.1456226229293,634.5
1078.344851739979,633.0
1078.5440732189688,636.75
1078.7432870573666,644.0
1078.9424932526415,669.0
1079.1416918022624,799.5
1079.3408827036985,1054.75
1079.54006595442,851.75
1079.739241551897,709.0
1079.9384094936001,658.5
1080.1375697769995,640.75
1080.3367223995674,636.5
1080.535867358774,634.5
1080.7350046520926,630.25
1080.9341342769947,630.5
1081.133256230953,629.0
1081.3323705114403,630.5
1081.53147711593,633.25
1081.7305760418958,627.25
1081.929667286812,632.25
1082.128750848152,629.25
1082.3278267233916,630.0
1082.5268949100052,634.5
1082.725955405468,629.0
1082.9250082072563,631.0
1083.124053312846,632.5
1083.3230907197133,631.5
1083.5221204253353,642.25
1083.7211424271889,645.75
1083.9201567227517,637.5
1084.1191633095016,633.0
1084.318162184917,635.0
1084.5171533464759,634.5
1084.7161367916576,634.5
1084.9151125179412,627.25
